{"cameraMode":{"drawMode":0,"name":"Shaded","section":"Shading Mode"},"sceneLighting":true,"audioPlay":false,"sceneViewState":{"m_AlwaysRefresh":false,"showFog":true,"showSkybox":true,"showFlares":true,"showImageEffects":true,"showParticleSystems":true,"showVisualEffectGraphs":true,"m_FxEnabled":true},"in2DMode":false,"pivot":{"x":-33.68671798706055,"y":-12.574017524719239,"z":-34.66752624511719},"rotation":{"x":-0.07149878144264221,"y":-0.19303514063358308,"z":0.013949260115623474,"w":-0.9786912202835083},"size":0.7071067690849304,"orthographic":false}