{"cameraMode":{"drawMode":0,"name":"Shaded","section":"Shading Mode"},"sceneLighting":true,"audioPlay":false,"sceneViewState":{"m_AlwaysRefresh":false,"showFog":true,"showSkybox":true,"showFlares":true,"showImageEffects":true,"showParticleSystems":true,"showVisualEffectGraphs":true,"m_FxEnabled":true},"in2DMode":false,"pivot":{"x":-0.3321956992149353,"y":77.26290893554688,"z":-21.913843154907228},"rotation":{"x":0.037844859063625339,"y":-0.9473932981491089,"z":0.29402488470077517,"w":0.12274613976478577},"size":0.7071067690849304,"orthographic":false}