{"cameraMode":{"drawMode":0,"name":"Shaded","section":"Shading Mode"},"sceneLighting":true,"audioPlay":false,"sceneViewState":{"m_AlwaysRefresh":false,"showFog":true,"showSkybox":true,"showFlares":true,"showImageEffects":true,"showParticleSystems":true,"showVisualEffectGraphs":true,"m_FxEnabled":true},"in2DMode":false,"pivot":{"x":73.18438720703125,"y":113.89615631103516,"z":45.10050582885742},"rotation":{"x":-0.34478434920310976,"y":-0.03882289677858353,"z":0.009348241612315178,"w":-0.9384694695472717},"size":18.480552673339845,"orthographic":false}