{"cameraMode":{"drawMode":0,"name":"Shaded","section":"Shading Mode"},"sceneLighting":true,"audioPlay":false,"sceneViewState":{"m_AlwaysRefresh":false,"showFog":true,"showSkybox":true,"showFlares":true,"showImageEffects":true,"showParticleSystems":true,"showVisualEffectGraphs":true,"m_FxEnabled":true},"in2DMode":false,"pivot":{"x":75.86117553710938,"y":223.31674194335938,"z":234.30650329589845},"rotation":{"x":0.11357288807630539,"y":-0.8159631490707398,"z":0.1723838597536087,"w":0.5402583479881287},"size":21.511625289916993,"orthographic":false}